{"cameraMode":{"drawMode":0,"name":"Shaded","section":"Shading Mode"},"sceneLighting":false,"audioPlay":false,"sceneViewState":{"showFog":true,"showMaterialUpdate":true,"showSkybox":false,"showFlares":true,"showImageEffects":true,"showParticleSystems":true},"in2DMode":false,"pivot":{"x":-0.6431980133056641,"y":0.6634817123413086,"z":-13.100285530090332},"rotation":{"x":-0.15645191073417664,"y":0.7225894927978516,"z":-0.17353886365890504,"w":-0.6507241129875183},"size":0.4330126643180847,"orthographic":false}