{"cameraMode":{"drawMode":0,"name":"Shaded","section":"Shading Mode"},"sceneLighting":true,"audioPlay":false,"sceneViewState":{"showFog":true,"showMaterialUpdate":true,"showSkybox":true,"showFlares":true,"showImageEffects":true,"showParticleSystems":true},"in2DMode":false,"pivot":{"x":-0.20834636688232423,"y":2.8447892665863039,"z":-14.997827529907227},"rotation":{"x":0.13883405923843385,"y":-0.14608751237392426,"z":-0.019838325679302217,"w":-0.9793972969055176},"size":2.3944616317749025,"orthographic":false}