{"cameraMode":{"drawMode":0,"name":"Shaded","section":"Shading Mode"},"sceneLighting":false,"audioPlay":false,"sceneViewState":{"showFog":true,"showMaterialUpdate":true,"showSkybox":false,"showFlares":true,"showImageEffects":true,"showParticleSystems":true},"in2DMode":false,"pivot":{"x":-4.120051383972168,"y":0.31700003147125246,"z":-10.41100025177002},"rotation":{"x":-0.2991922199726105,"y":0.677959680557251,"z":-0.3556346595287323,"w":-0.569679319858551},"size":0.8660253882408142,"orthographic":false}